created_at;id_str;full_text;quote_count;reply_count;retweet_count;favorite_count;lang;user_id_str;conversation_id_str;username;tweet_url
Fri Oct 20 10:13:04 +0000 2023;1715310154210771279;"üåü RESULT SUNDA üåü HARI: JUMAT, 20 OKTOBER 2023 RESULT : 1862 SHIO : Harimau SELAMAT KEPADA PEMENANG, SALAM JP FLOKITOTO https://t.co/3mU1uQRgys";0;0;0;0;in;1492762132186034180;1715310154210771279;flokitoto1;https://twitter.com/flokitoto1/status/1715310154210771279
Fri Oct 20 10:11:35 +0000 2023;1715309782540972404;"AGEN SLOT GACOR HARI INI ASTABET  Jepri Asahi Partai Golkar Hujan Karen Galaxy S23 FE NA JAEMIN THANK YOU Brownies Sukuna Mendung chansoo MVnya Publish https://t.co/hw1xnbIvlF";0;0;0;0;in;1683954066;1715309782540972404;PastiGacorSlur;https://twitter.com/PastiGacorSlur/status/1715309782540972404
Fri Oct 20 10:02:28 +0000 2023;1715307488038596630;"üåü RESULT LAMPUNG üåü HARI: JUMAT, 20 OKTOBER 2023 RESULT : 7595 SHIO : Ular SELAMAT KEPADA PEMENANG, SALAM JP FLOKITOTO https://t.co/owl6AHUGsv";0;0;0;0;in;1492762132186034180;1715307488038596630;flokitoto1;https://twitter.com/flokitoto1/status/1715307488038596630
Fri Oct 20 10:02:15 +0000 2023;1715307430748254674;"Masih banyak yg maen judi slot online";0;0;0;0;in;1668112193861353474;1715307430748254674;yakobusekos9;https://twitter.com/yakobusekos9/status/1715307430748254674
Fri Oct 20 09:54:00 +0000 2023;1715305358254862343;"@UnfaedahKeras üî•üî•üî•";0;0;0;0;qme;1698667564329758720;1715296372138950913;judislotbola;https://twitter.com/judislotbola/status/1715305358254862343
Fri Oct 20 09:45:05 +0000 2023;1715303110883860893;"@helmy___ Vahaya judi slot ini, dah kaya hama ajg";0;0;0;0;in;1308801226415329281;1715251604923032048;Labolonk4;https://twitter.com/Labolonk4/status/1715303110883860893
Fri Oct 20 09:44:28 +0000 2023;1715302956734751093;"RESULT SURABAYA POOLS JUMAT, 20 OKT 2023 Result : 4 5 2 9 Shio : BABI Whatsapp : +62 813-9923-4967 Selamat Bagi yg JackPot ‚ö°Salam POKEMONTOTO‚ö° #keluaransurabayapoolspools #resultsurabayapoolspools #qrispokemontoto #pokemontoto #angkasurabayapoolspools #Brownies https://t.co/o7J11SG0pE";0;0;0;0;in;1551243672431501312;1715302956734751093;datatogelwla;https://twitter.com/datatogelwla/status/1715302956734751093
Fri Oct 20 09:35:06 +0000 2023;1715300601150799899;"Keluaran Togel Mali, 20 Oktober 2023 Result : 0693 Shio : Kambing Selamat Kepada Member yang mendapatkan Jackpot, Salam jackpot Paus";0;0;0;0;in;1648257762865074176;1715300601150799899;fyp4dofficial;https://twitter.com/fyp4dofficial/status/1715300601150799899
Fri Oct 20 09:32:49 +0000 2023;1715300025125982686;"üåü RESULT SURABAYA üåü HARI: JUMAT, 20 OKTOBER 2023 RESULT : 4529 SHIO : Babi SELAMAT KEPADA PEMENANG, SALAM JP FLOKITOTO https://t.co/aPiO6KZDX3";0;0;0;0;in;1492762132186034180;1715300025125982686;flokitoto1;https://twitter.com/flokitoto1/status/1715300025125982686
Fri Oct 20 09:30:50 +0000 2023;1715299527132074249;"INFO POLA SLOT GACOR HARI INI DI #BET2SLOT 20 OCT 2023 JAM 10.00 - 19.00  FRUIT PARTY : 97.3% MANUAL 20x ‚ùå‚úÖ‚ùå AUTO 50x ‚úÖ‚ùå‚úÖ AUTO 20x ‚úÖ‚úÖ‚ùå MANUAL 10x ‚ùå‚úÖ‚úÖ DOUBLE CHANGE : OFF  LINK DAFTAR DI BIO, GAS SEKARANG‚ÄºÔ∏è Sukuna Jepri #IsraelTerorrist Jumat Gempa Publish #Slot https://t.co/ImlsinFnTi";0;0;0;0;in;865871022263681025;1715299527132074249;situsjudisbobet;https://twitter.com/situsjudisbobet/status/1715299527132074249
Fri Oct 20 09:27:46 +0000 2023;1715298755698978865;"Link login FLOKITOTO :  https://t.co/D6ZoxeFwyY  Download App FLOKITOTO : https://t.co/ofEUqkcVCT https://t.co/M4SJprgyV2";0;0;0;0;tl;1492762132186034180;1715298755698978865;flokitoto1;https://twitter.com/flokitoto1/status/1715298755698978865
Fri Oct 20 09:24:17 +0000 2023;1715297876681879754;"Situs judi slot gacor hari ini | Situs slot terpercaya   #judislot #slotgacorhariini #slotterpercaya https://t.co/9SipaQEtVd";0;0;0;0;in;1714581934276595712;1715297876681879754;InfoSlot168;https://twitter.com/InfoSlot168/status/1715297876681879754
Fri Oct 20 09:17:52 +0000 2023;1715296264416641067;"Main judi slot nih @DaniWaldanI";1;0;0;0;sl;1025555497;1715296264416641067;LEOstphns;https://twitter.com/LEOstphns/status/1715296264416641067
Fri Oct 20 09:11:39 +0000 2023;1715294699945353546;"üåü RESULT TOTOMACAU 4D P2 üåü HARI: JUMAT, 20 OKTOBER 2023 RESULT : 8008 SHIO : Monyet SELAMAT KEPADA PEMENANG, SALAM JP FLOKITOTO https://t.co/4l0atot7J0";0;0;0;0;in;1492762132186034180;1715294699945353546;flokitoto1;https://twitter.com/flokitoto1/status/1715294699945353546
Fri Oct 20 09:07:47 +0000 2023;1715293724643909664;"Prediksi Togel Hebei ‚Äì 20 Oktober 2023 ANGKA MAIN : 3 0 6 4 1 COLOK BEBAS 2D : 1 &amp  0 TOP 4D : 4160*1036*3064*0614 TOP 3D : 403*643*064*430*306 TOP 2D : 60*63*06*34*64*04 SHIO : HARIMAU ANGKA TWINS : 33 ‚òÜ‚òÜ‚òÜ Web Prediksi FlokiToto ‚òÜ‚òÜ‚òÜ https://t.co/SAp7if6wjz";0;0;0;0;in;1492762132186034180;1715293724643909664;flokitoto1;https://twitter.com/flokitoto1/status/1715293724643909664
Fri Oct 20 09:07:07 +0000 2023;1715293556099948568;"Prediksi Togel Hongkong Even ‚Äì 20 Oktober 2023 ANGKA MAIN : 7 5 3 2 8 COLOK BEBAS 2D : 5 &amp  7 TOP 4D : 7532*5382*8573*2835 TOP 3D : 753*257*275*327*532 TOP 2D : 32*73*37*52*53*57 SHIO : KUDA ANGKA TWINS : 77 ‚òÜ‚òÜ‚òÜ Web Prediksi FlokiToto ‚òÜ‚òÜ‚òÜ https://t.co/ZG2aHGfAoM";0;0;0;0;in;1492762132186034180;1715293556099948568;flokitoto1;https://twitter.com/flokitoto1/status/1715293556099948568
Fri Oct 20 09:06:28 +0000 2023;1715293395839852777;"Prediksi Togel Chonburi Night ‚Äì 20 Oktober 2023 ANGKA MAIN : 0 4 6 7 1 COLOK BEBAS 2D : 7 &amp  1 TOP 4D : 4617*0467*7164*1406 TOP 3D : 046*467*670*704*740 TOP 2D : 47*67*46*04*64*74 SHIO : KELINCI ANGKA TWINS : 11 ‚òÜ‚òÜ‚òÜ Web Prediksi FlokiToto ‚òÜ‚òÜ‚òÜ https://t.co/CTRDViDogP";0;0;0;0;in;1492762132186034180;1715293395839852777;flokitoto1;https://twitter.com/flokitoto1/status/1715293395839852777
Fri Oct 20 09:04:11 +0000 2023;1715292818808398306;"RESULT SYDNEY EVEN POOLS JUMAT, 20 OKT 2023 Result : 8 6 0 5 Shio : BABI Whatsapp : +62 813-9923-4967 Selamat Bagi yg JackPot ‚ö°Salam POKEMONTOTO‚ö° #keluaransydneyevenpoolspools #resultsydneyevenpoolspools #qrispokemontoto #pokemontoto #angkasydneyevenpoolspools #Brownies https://t.co/yGduJGhAIE";0;0;0;0;in;1551243672431501312;1715292818808398306;datatogelwla;https://twitter.com/datatogelwla/status/1715292818808398306
Fri Oct 20 09:04:02 +0000 2023;1715292781340725599;"üåü RESULT BELARUSIA üåü HARI: JUMAT, 20 OKTOBER 2023 RESULT : 1884 SHIO : Naga SELAMAT KEPADA PEMENANG, SALAM JP FLOKITOTO https://t.co/aUKzBi99z5";0;0;0;0;in;1492762132186034180;1715292781340725599;flokitoto1;https://twitter.com/flokitoto1/status/1715292781340725599
Fri Oct 20 09:03:12 +0000 2023;1715292572577603746;"üåü RESULT PALEMBANG üåü HARI: JUMAT, 20 OKTOBER 2023 RESULT : 8635 SHIO : Ular SELAMAT KEPADA PEMENANG, SALAM JP FLOKITOTO https://t.co/reQI52ir8x";0;0;0;0;in;1492762132186034180;1715292572577603746;flokitoto1;https://twitter.com/flokitoto1/status/1715292572577603746
Fri Oct 20 09:00:52 +0000 2023;1715291984213274686;"Open pp rt retweet paid promo slot judi online üí¶üíï";0;0;0;2;en;979877716458594304;1715291984213274686;KikiUntukMu;https://twitter.com/KikiUntukMu/status/1715291984213274686
Fri Oct 20 08:49:08 +0000 2023;1715289031733563813;"Belut apa yang paling bahaya? Belutang banyak di Pinjol, Judi slot, Adakami, Akulaku  #nabilataqiyyah #PersebayaDay #Gempa #komedi #lucu #humor #jokes #cringe";0;0;0;0;in;1430810378557038592;1715289031733563813;aosa666;https://twitter.com/aosa666/status/1715289031733563813
Fri Oct 20 08:38:11 +0000 2023;1715286278416240731;"@CNNIndonesia apa judi slot msih bsa d pake gtu.gede bacot jg nih org.";0;0;0;0;in;1567043007899402241;1715263500849938648;jawara2222222;https://twitter.com/jawara2222222/status/1715286278416240731
Fri Oct 20 08:37:47 +0000 2023;1715286176133972474;"RESULT TOSHIMA POOLS JUMAT, 20 OKT 2023 Result : 9 7 5 1 Shio : KERBAU Whatsapp : +62 813-9923-4967 Selamat Bagi yg JackPot ‚ö°Salam POKEMONTOTO‚ö° #keluarantoshimapoolspools #resulttoshimapoolspools #qrispokemontoto #pokemontoto #angkatoshimapoolspools #Jepri https://t.co/sBNMpUqerN";0;0;0;0;in;1551243672431501312;1715286176133972474;datatogelwla;https://twitter.com/datatogelwla/status/1715286176133972474
Fri Oct 20 08:32:05 +0000 2023;1715284741413626236;"üåü RESULT CHINA üåü HARI: JUMAT, 20 OKTOBER 2023 RESULT : 7571 SHIO : Ular SELAMAT KEPADA PEMENANG, SALAM JP FLOKITOTO https://t.co/px84tw3iJZ";0;0;0;0;in;1492762132186034180;1715284741413626236;flokitoto1;https://twitter.com/flokitoto1/status/1715284741413626236
Fri Oct 20 08:29:28 +0000 2023;1715284083318935854;"üåü RESULT SYDNEY EVEN üåü HARI: JUMAT, 20 OKTOBER 2023 RESULT : 8605 SHIO : Babi SELAMAT KEPADA PEMENANG, SALAM JP FLOKITOTO https://t.co/8Xmsv3BfmJ";0;0;0;0;in;1492762132186034180;1715284083318935854;flokitoto1;https://twitter.com/flokitoto1/status/1715284083318935854
Fri Oct 20 08:28:33 +0000 2023;1715283853257122285;"üåü RESULT SPANYOL üåü HARI: JUMAT, 20 OKTOBER 2023 RESULT : 2264 SHIO : Tikus SELAMAT KEPADA PEMENANG, SALAM JP FLOKITOTO https://t.co/Xpr4mKbMGg";0;0;0;0;in;1492762132186034180;1715283853257122285;flokitoto1;https://twitter.com/flokitoto1/status/1715283853257122285
Fri Oct 20 08:26:00 +0000 2023;1715283210987532465;"üåü RESULT TOTOMACAU 5D P1 üåü HARI: JUMAT, 20 OKTOBER 2023 RESULT : 17506 SHIO : Anjing SELAMAT KEPADA PEMENANG, SALAM JP FLOKITOTO https://t.co/iRKis5N79n";0;0;0;0;in;1492762132186034180;1715283210987532465;flokitoto1;https://twitter.com/flokitoto1/status/1715283210987532465
Fri Oct 20 08:22:46 +0000 2023;1715282394906054687;"üåü RESULT TEXAS 4D üåü HARI: JUMAT, 20 OKTOBER 2023 RESULT : 1199 SHIO : Kerbau SELAMAT KEPADA PEMENANG, SALAM JP FLOKITOTO https://t.co/C0maBqL5xH";0;0;0;0;in;1492762132186034180;1715282394906054687;flokitoto1;https://twitter.com/flokitoto1/status/1715282394906054687
Fri Oct 20 08:15:34 +0000 2023;1715280585529417868;"Prediksi Togel Toto Macau SEASON 3 ‚Äì 20 Oktober 2023 ANGKA MAIN : 2 6 7 5 3 COLOK BEBAS 2D : 5 &amp  3 TOP 4D : 5376*6735*3627*2675 TOP 3D : 267*675*526*752*562 TOP 2D : 62*72*65*67*56*25 SHIO : TIKUS ANGKA TWINS : 55 ‚òÜ‚òÜ‚òÜ Web Prediksi FlokiToto ‚òÜ‚òÜ‚òÜ https://t.co/ie1SWzU2kH";0;0;0;0;in;1492762132186034180;1715280585529417868;flokitoto1;https://twitter.com/flokitoto1/status/1715280585529417868
Fri Oct 20 08:14:23 +0000 2023;1715280287889055936;"Prediksi Togel Japan Even ‚Äì 20 Oktober 2023 ANGKA MAIN : 4 9 1 6 7 COLOK BEBAS 2D : 7 &amp  9 TOP 4D : 9176*7941*6719*4916 TOP 3D : 694*164*649*916*491 TOP 2D : 41*19*91*69*49*94 SHIO : AYAM ANGKA TWINS : 66 ‚òÜ‚òÜ‚òÜ Web Prediksi FlokiToto ‚òÜ‚òÜ‚òÜ https://t.co/NBoBQ8EAOK";0;0;0;0;in;1492762132186034180;1715280287889055936;flokitoto1;https://twitter.com/flokitoto1/status/1715280287889055936
Fri Oct 20 08:13:35 +0000 2023;1715280083819380967;"RESULT SYDNEY POOLS JUMAT, 20 OKT 2023 Result : 2 1 1 8 Shio : ANJING Whatsapp : +62 813-9923-4967 Selamat Bagi yg JackPot ‚ö°Salam POKEMONTOTO‚ö° #keluaransydneypoolspools #qrispokemontoto #resultsydneypoolspools #pokemontoto #angkasydneypoolspools #Hyungwon https://t.co/PqHU3thtDw";0;0;0;0;in;1551243672431501312;1715280083819380967;datatogelwla;https://twitter.com/datatogelwla/status/1715280083819380967
Fri Oct 20 08:09:56 +0000 2023;1715279167833649343;"@BOLAKALI_ üî•üî•üî•üî•";0;0;0;0;qme;1698667564329758720;1715277429156282539;judislotbola;https://twitter.com/judislotbola/status/1715279167833649343
Fri Oct 20 08:03:03 +0000 2023;1715277436974461431;"üåü RESULT TOSHIMA üåü HARI: JUMAT, 20 OKTOBER 2023 RESULT : 9751 SHIO : Kerbau SELAMAT KEPADA PEMENANG, SALAM JP FLOKITOTO https://t.co/ynpKktlvAg";0;0;0;0;in;1492762132186034180;1715277436974461431;flokitoto1;https://twitter.com/flokitoto1/status/1715277436974461431
Fri Oct 20 07:57:56 +0000 2023;1715276145636389354;"RESULT POIPET 12 POOLS JUMAT, 20 OKT 2023 Result : 7 0 8 3 Shio : ULAR Whatsapp : +62 813-9923-4967 Selamat Bagi yg JackPot ‚ö°Salam POKEMONTOTO‚ö° #keluarangabonpoolspools #qrispokemontoto #resultgabonpoolspools #pokemontoto #angkagabonpoolspools #Gempa https://t.co/274UwS7LNV";0;0;0;0;in;1551243672431501312;1715276145636389354;datatogelwla;https://twitter.com/datatogelwla/status/1715276145636389354
Fri Oct 20 07:54:07 +0000 2023;1715275186411651578;"RESULT GABON POOLS JUMAT, 20 OKT 2023 Result : 5 1 4 2 Shio : ANJING Whatsapp : +62 813-9923-4967 Selamat Bagi yg JackPot ‚ö°Salam POKEMONTOTO‚ö° #keluarangabonpoolspools  #resultgabonpoolspools #qrispokemontoto #pokemontoto #angkagabonpoolspools #Gempa https://t.co/8JX9lPfz0o";0;0;0;0;in;1551243672431501312;1715275186411651578;datatogelwla;https://twitter.com/datatogelwla/status/1715275186411651578
Fri Oct 20 07:37:31 +0000 2023;1715271011514691967;"Situs Slot Gacor Terbaru - Daftar Situs Slot Gacor  üìçLink Slot Gacor : https://t.co/IZkewRy6kT  #slotgacor #slotgacorhariini #slottergacor #slot https://t.co/AUDjzkNvUK";0;5;0;3;in;1698667564329758720;1715271011514691967;judislotbola;https://twitter.com/judislotbola/status/1715271011514691967
Fri Oct 20 07:28:00 +0000 2023;1715268616051159294;"Bener juga. kalau udah kalah &amp  rugi baru merasa jadi korban slot ü´£   yg disebut korban harusnya pihak¬≤ ke-3 yg terganggu sama pelaku judi online nya. https://t.co/w2YaOePPaN";1;2;12;39;in;524525147;1715268616051159294;nasidaruratJogj;https://twitter.com/nasidaruratJogj/status/1715268616051159294
Fri Oct 20 07:22:45 +0000 2023;1715267292559454662;"üåü RESULT JAMBI üåü HARI: JUMAT, 20 OKTOBER 2023 RESULT : 9412 SHIO : Naga SELAMAT KEPADA PEMENANG, SALAM JP FLOKITOTO https://t.co/xkZuKQ4FTq";0;0;0;0;in;1492762132186034180;1715267292559454662;flokitoto1;https://twitter.com/flokitoto1/status/1715267292559454662
Fri Oct 20 07:21:00 +0000 2023;1715266851209728335;"https://t.co/AvQd4A05fJ  #indo3388 #judislot  #slotonline  #slotgacor https://t.co/ZsOZFVWPeS";0;0;0;0;qme;1704357054025285632;1715266851209728335;ContiniSteven;https://twitter.com/ContiniSteven/status/1715266851209728335
Fri Oct 20 07:13:25 +0000 2023;1715264946286870885;"@muhamadshidqi_ Bang haji Oma harusnya aransemen ulang lagu judi, atau bikin lagi baru judulnya "slot" nggih Gus?";0;0;0;0;in;1710441516987301888;1711252489977336286;ImamBsrMshlKcl;https://twitter.com/ImamBsrMshlKcl/status/1715264946286870885
Fri Oct 20 07:03:58 +0000 2023;1715262565704753309;"Menteri Kominfo Budi Arie protes keras ke Meta. Protes ini dilayangkan karena di kedua platform tersebut, kerap muncul promosi judi slot online. Budi Arie telah meminta dua platform itu untuk segera menghilangkan konten-konten promosi judi slot online dalam waktu cepat.‚Ä¶ https://t.co/GfYQryZZOd";2;0;1;6;in;759692754985242625;1715262565704753309;kumparan;https://twitter.com/kumparan/status/1715262565704753309
Fri Oct 20 07:02:36 +0000 2023;1715262223600296234;"Prediksi Togel Japan Pools ‚Äì 20 Oktober 2023 ANGKA MAIN : 6 3 1 8 2 COLOK BEBAS 2D : 8 &amp  3 TOP 4D : 3128*6318*8213*2361 TOP 3D : 186*318*863*631*836 TOP 2D : 68*61*36*16*13*38 SHIO : KUDA ANGKA TWINS : 11 ‚òÜ‚òÜ‚òÜ Web Prediksi FlokiToto ‚òÜ‚òÜ‚òÜ https://t.co/R8jq4YdAUM";0;0;0;0;in;1492762132186034180;1715262223600296234;flokitoto1;https://twitter.com/flokitoto1/status/1715262223600296234
Fri Oct 20 07:01:47 +0000 2023;1715262015072358637;"dikasih lah sm kawanku yg satu itu. cuma kami takutnya itu uang bukan dipake buat kebutuhan sm istrinya. soalnya dia minta pinjem udh sering dan alesannya lg susah sm istrinya takutnya dipake judi slot  .";0;0;0;0;in;1148620831737561088;1715262013189058594;jeongsuhciety;https://twitter.com/jeongsuhciety/status/1715262015072358637
Fri Oct 20 06:52:01 +0000 2023;1715259559357673521;"üåü RESULT SYDNEY üåü HARI: JUMAT, 20 OKTOBER 2023 RESULT : 2118 SHIO : Anjing SELAMAT KEPADA PEMENANG, SALAM JP FLOKITOTO https://t.co/K3q0RoH76G";0;0;0;0;in;1492762132186034180;1715259559357673521;flokitoto1;https://twitter.com/flokitoto1/status/1715259559357673521
Fri Oct 20 06:34:12 +0000 2023;1715255077194346575;"BUAH BONANZA BIKIN NAGIH BO terpercaya  | Main Slot | Situs Judi Online | Agen Slot | Slot Maxwin | Situs Aman Terpercaya 2023 üì∑WARNINGüì∑ Video Slot ini Dibuat Hanya Untuk Hiburan Semata (Usia 18+) Hanya Hiburan Bukan Untuk Ditiru. ARENA BERMAIN : https://t.co/p7oRjLIFMu‚Ä¶ https://t.co/fPla4iJy4k";0;1;0;1;in;1599218831368499200;1715255077194346575;slotonline333;https://twitter.com/slotonline333/status/1715255077194346575
Fri Oct 20 06:33:48 +0000 2023;1715254974437904547;"Prediksi Togel Sunda Pools ‚Äì 20 Oktober 2023 ANGKA MAIN : 9 3 7 4 8 COLOK BEBAS 2D : 9 &amp  3 TOP 4D : 3784*4873*9374*8397 TOP 3D : 439*493*749*374*937 TOP 2D : 79*39*97*34*37*43 SHIO : KAMBING ANGKA TWINS : 44 ‚òÜ‚òÜ‚òÜ Web Prediksi FlokiToto ‚òÜ‚òÜ‚òÜ https://t.co/4vjZ8tMEco";0;0;0;0;in;1492762132186034180;1715254974437904547;flokitoto1;https://twitter.com/flokitoto1/status/1715254974437904547
Fri Oct 20 06:31:33 +0000 2023;1715254406567035107;"RESULT JUVENTUS POOLS JUMAT, 20 OKT 2023 Result : 3 4 7 1 Shio : ULAR Whatsapp : +62 813-9923-4967 Selamat Bagi yg JackPot ‚ö°Salam POKEMONTOTO‚ö° #keluaranjuventuspoolspools #resultjuventuspoolspools #qrispokemontoto #pokemontoto #angkajuventuspoolspools #ADASERATUS https://t.co/AhgarEIoqm";0;0;0;0;in;1551243672431501312;1715254406567035107;datatogelwla;https://twitter.com/datatogelwla/status/1715254406567035107
Fri Oct 20 06:24:29 +0000 2023;1715252631105589720;"Prediksi Togel Lampung Pools ‚Äì 20 Oktober 2023 ANGKA MAIN : 0 5 8 2 9 COLOK BEBAS 2D : 5 &amp  9 TOP 4D : 2985*9508*5892*0582 TOP 3D : 058*250*820*205*582 TOP 2D : 85*50*52*25*58*05 SHIO : KERBAU ANGKA TWINS : 22 ‚òÜ‚òÜ‚òÜ Web Prediksi FlokiToto ‚òÜ‚òÜ‚òÜ https://t.co/77Nsh53gX4";0;0;0;0;in;1492762132186034180;1715252631105589720;flokitoto1;https://twitter.com/flokitoto1/status/1715252631105589720
Fri Oct 20 06:19:02 +0000 2023;1715251258888761489;"RESULT JOWO POOLS P1 JUMAT, 20 OKT2023 Result : 5 1 2 7 Shio : KERBAU Whatsapp : +62 813-9923-4967 Selamat Bagi yg JackPot ‚ö°Salam POKEMONTOTO‚ö° #keluaranjowopoolsp1pools #resultjowopoolsp1pools #qrispokemontoto #pokemontoto #angkajowopoolsp1pools #MOMSORRY https://t.co/KrL8opr7CK";0;0;0;0;in;1551243672431501312;1715251258888761489;datatogelwla;https://twitter.com/datatogelwla/status/1715251258888761489
Fri Oct 20 06:11:07 +0000 2023;1715249264136458592;"Prediksi Togel Surabaya ‚Äì 20 Oktober 2023 ANGKA MAIN : 7 3 5 8 2 COLOK BEBAS 2D : 7 &amp  8 TOP 4D : 7358*3528*2375*8253 TOP 3D : 837*358*587*735*873 TOP 2D : 58*37*73*83*57*78 SHIO : NAGA ANGKA TWINS : 55 ‚òÜ‚òÜ‚òÜ Web Prediksi FlokiToto ‚òÜ‚òÜ‚òÜ https://t.co/DcvL1AU2lZ";0;0;0;0;tl;1492762132186034180;1715249264136458592;flokitoto1;https://twitter.com/flokitoto1/status/1715249264136458592
Fri Oct 20 06:10:23 +0000 2023;1715249079545143762;"Prediksi Togel Toto Macau SEASON 2 ‚Äì 20 Oktober 2023 ANGKA MAIN : 7 2 1 9 3 COLOK BEBAS 2D : 2 &amp  3 TOP 4D : 2139*3271*9312*7219 TOP 3D : 972*927*197*219*721 TOP 2D : 17*29*71*92*72*12 SHIO : AYAM ANGKA TWINS : 11 ‚òÜ‚òÜ‚òÜ Web Prediksi FlokiToto ‚òÜ‚òÜ‚òÜ https://t.co/e3poZVuj78";0;0;0;0;in;1492762132186034180;1715249079545143762;flokitoto1;https://twitter.com/flokitoto1/status/1715249079545143762
Fri Oct 20 06:09:51 +0000 2023;1715248945356746943;"üåü RESULT TOTOMACAI 4D P1 üåü HARI: JUMAT, 20 OKTOBER 2023 RESULT : 1078 SHIO : Anjing SELAMAT KEPADA PEMENANG, SALAM JP FLOKITOTO https://t.co/3xN9SnjOJ3";0;0;0;0;in;1492762132186034180;1715248945356746943;flokitoto1;https://twitter.com/flokitoto1/status/1715248945356746943
Fri Oct 20 06:04:46 +0000 2023;1715247669374079088;"RESULT OCEANIA POOLS JUMAT, 20 OKT 2023 Result : 8 1 6 9 Shio : NAGA Whatsapp : +62 813-9923-4967 Selamat Bagi yg JackPot ‚ö°Salam POKEMONTOTO‚ö° #keluaranoceaniapoolspools #daftarpokemontoto #resultoceaniapoolspools #qrispokemontoto #pokemontoto #angkaoceaniapoolspools #Scar https://t.co/zVkx4Brwo3";0;0;0;0;in;1551243672431501312;1715247669374079088;datatogelwla;https://twitter.com/datatogelwla/status/1715247669374079088
Fri Oct 20 05:56:57 +0000 2023;1715245701020667949;"RESULT CALIFORNIA POOLS JUMAT, 20 OKT 2023 Result : 3 9 8 1 Shio : KAMBING Whatsapp : +62 813-9923-4967 Selamat Bagi yg JackPot ‚ö°Salam POKEMONTOTO‚ö° #keluaranoregon08poolspools #resultoregon08poolspools #qrispokemontoto #pokemontoto #angkaoregon08poolspools #MOMSORRY https://t.co/kkmUZFRs80";0;0;0;0;in;1551243672431501312;1715245701020667949;datatogelwla;https://twitter.com/datatogelwla/status/1715245701020667949
Fri Oct 20 05:45:46 +0000 2023;1715242886198128807;"#Popi99&gt &gt  Situs Judi Bola Online serta Bandar Slot Paling Dipercaya , Agen Togel Online dengan pelayanan Terbaik Member Baru Dijamin WD &amp  Kemenangan Berapapun kami Proseskan ‚úÖ  üëáüèª Link Daftar|Login : https://t.co/zbhevvRbTC #Pay4d #judislot #slotonline #pragmatic #bogacor https://t.co/iaMg8HlF2k";0;0;0;0;in;1621417901193572353;1715242886198128807;Popi99slot;https://twitter.com/Popi99slot/status/1715242886198128807
Fri Oct 20 05:40:36 +0000 2023;1715241587113111757;"#Popi99&gt &gt  Situs Judi Bola Online serta Bandar Slot Paling Dipercaya , Agen Togel Online dengan pelayanan Terbaik Member Baru Dijamin WD &amp  Kemenangan Berapapun kami Proseskan ‚úÖ  üëáüèª Link Daftar|Login : https://t.co/zbhevvRbTC #Pay4d #judislot #slotonline #pragmatic #bogacor https://t.co/o0XGSBXXVp";0;0;0;0;in;1621417901193572353;1715241587113111757;Popi99slot;https://twitter.com/Popi99slot/status/1715241587113111757
Fri Oct 20 05:35:56 +0000 2023;1715240410334020086;"RESULT CHONBURI POOLS JUMAT, 20 OKT 2023 Result : 3 6 6 9 Shio : KAMBING Whatsapp : +62 813-9923-4967 Selamat Bagi yg JackPot ‚ö°Salam POKEMONTOTO‚ö° #keluaranchonburipoolspools #resultchonburipoolspools #qrispokemontoto #pokemontoto #angkachonburipoolspools #EdSheeran https://t.co/RNgdncWybw";0;0;0;0;in;1551243672431501312;1715240410334020086;datatogelwla;https://twitter.com/datatogelwla/status/1715240410334020086
Fri Oct 20 05:32:17 +0000 2023;1715239495388533205;"Daftar Situs Judi Slot 5000  LINK SLOT GACOR: https://t.co/QRUNy1LQ44  GOPAY69, slot pulsa, slot deposit pulsa, slot deposit pulsa 10ribu, slot deposit 5000 via pulsa, slot deposit via pulsa, slot deposit via pulsa 5000, slot deposit pulsa tanpa potongan, situs slot deposit qris" https://t.co/V72o8f8p6E";0;0;0;2;in;1403787877;1715239495388533205;infoslotgopay;https://twitter.com/infoslotgopay/status/1715239495388533205
Fri Oct 20 05:32:10 +0000 2023;1715239463998427246;"üåü RESULT GABON üåü HARI: JUMAT, 20 OKTOBER 2023 RESULT : 5142 SHIO : Anjing SELAMAT KEPADA PEMENANG, SALAM JP FLOKITOTO https://t.co/ox4MfpzHvl";0;0;0;0;in;1492762132186034180;1715239463998427246;flokitoto1;https://twitter.com/flokitoto1/status/1715239463998427246
Fri Oct 20 05:29:14 +0000 2023;1715238727088517168;"GOPAY69: Situs Judi Slot Deposit Ovo Tanpa Potongan Paling Gacor 2023  LINK GACOR: https://t.co/jyqud7PAJu  "slot via ovo, deposit via ovo, slot deposit ovo 5000, slot gopay 5000, deposit slot 5000, main slot online, judi online, slot gacor, info slot gacor, rtp slot, slot gacor" https://t.co/6o16wKTZzC";0;1;0;1;nl;4227092352;1715238727088517168;Roomgacor;https://twitter.com/Roomgacor/status/1715238727088517168
Fri Oct 20 05:26:49 +0000 2023;1715238117085745297;"Prediksi Togel Palembang Pools ‚Äì 20 Oktober 2023 ANGKA MAIN : 3 2 5 4 1 COLOK BEBAS 2D : 5 &amp  3 TOP 4D : 3254*2514*1235*4152 TOP 3D : 543*254*432*325*423 TOP 2D : 42*52*34*24*35*32 SHIO : MONYET ANGKA TWINS : 22 ‚òÜ‚òÜ‚òÜ Web Prediksi FlokiToto ‚òÜ‚òÜ‚òÜ https://t.co/xsTCWVblJb";0;0;0;0;in;1492762132186034180;1715238117085745297;flokitoto1;https://twitter.com/flokitoto1/status/1715238117085745297
Fri Oct 20 05:26:26 +0000 2023;1715238022575427827;"Prediksi Togel Belarusia ‚Äì 20 Oktober 2023 ANGKA MAIN : 3 0 1 9 4 COLOK BEBAS 2D : 0 &amp  4 TOP 4D : 4031*3019*9410*0149 TOP 3D : 930*903*301*193*019 TOP 2D : 31*13*10*39*90*09 SHIO : KAMBING ANGKA TWINS : 33 ‚òÜ‚òÜ‚òÜ Web Prediksi FlokiToto ‚òÜ‚òÜ‚òÜ https://t.co/FCovfSqERR";0;0;0;0;in;1492762132186034180;1715238022575427827;flokitoto1;https://twitter.com/flokitoto1/status/1715238022575427827
Fri Oct 20 05:22:17 +0000 2023;1715236975446536433;"üåü RESULT BALI üåü HARI: JUMAT, 20 OKTOBER 2023 RESULT : 5271 SHIO : Ular SELAMAT KEPADA PEMENANG, SALAM JP FLOKITOTO https://t.co/ni8rikLkO7";0;0;0;0;in;1492762132186034180;1715236975446536433;flokitoto1;https://twitter.com/flokitoto1/status/1715236975446536433
Fri Oct 20 05:18:28 +0000 2023;1715236015030612019;"Pengakuan Menkominfo Banyak PNS Main Judi Slot Online  https://t.co/oYB9NHxJrr";1;0;1;0;in;847372542830444544;1715236015030612019;cnbcindonesia;https://twitter.com/cnbcindonesia/status/1715236015030612019
Fri Oct 20 05:07:07 +0000 2023;1715233161087717440;"Prediksi Togel China Pools ‚Äì 20 Oktober 2023 ANGKA MAIN : 0 4 8 2 6 COLOK BEBAS 2D : 8 &amp  6 TOP 4D : 4862*6408*0482*2684 TOP 3D : 204*820*240*048*482 TOP 2D : 84*40*48*82*02*04 SHIO : HARIMAU ANGKA TWINS : 44 ‚òÜ‚òÜ‚òÜ Web Prediksi FlokiToto ‚òÜ‚òÜ‚òÜ https://t.co/m0ARDE4Y9m";0;0;0;0;in;1492762132186034180;1715233161087717440;flokitoto1;https://twitter.com/flokitoto1/status/1715233161087717440
Fri Oct 20 05:03:45 +0000 2023;1715232313720840550;"üåü RESULT LEEDS üåü HARI: JUMAT, 20 OKTOBER 2023 RESULT : 4051 SHIO : Kerbau SELAMAT KEPADA PEMENANG, SALAM JP FLOKITOTO https://t.co/bRsiOKaE0I";0;0;0;0;in;1492762132186034180;1715232313720840550;flokitoto1;https://twitter.com/flokitoto1/status/1715232313720840550
Fri Oct 20 05:02:53 +0000 2023;1715232095348699338;"üåü RESULT OREGON 12 üåü HARI: JUMAT, 20 OKTOBER 2023 RESULT : 7881 SHIO : Kambing SELAMAT KEPADA PEMENANG, SALAM JP FLOKITOTO https://t.co/pGwvfYYByH";0;0;0;0;in;1492762132186034180;1715232095348699338;flokitoto1;https://twitter.com/flokitoto1/status/1715232095348699338
Fri Oct 20 05:01:51 +0000 2023;1715231836153283032;"Di KETUASLOT bisa pilih server gacor ya kakak Ada beberapa pilihan server sekarang : Hongkong Filipina Thailand Kamboja Jepang Singapore Amerika pilih server gacor versimu sendiri makin gacor profit makin besar. salam JP Untuk semua member setia #slotserverluar #ketuaslotgacor https://t.co/ThViI3A6pn";0;1;0;0;in;1519562322284802048;1715231836153283032;KetuaSlot;https://twitter.com/KetuaSlot/status/1715231836153283032
Fri Oct 20 05:01:51 +0000 2023;1715231832810336533;"Result " COLOMBIA " 20 OCT 2023 HASIL RESULT 4D  02-5749 SAH‚úç Shio : KELINCI Unsur: TANAH  DIVA168 Situs Judi Online SLOT,CASINO,TOGEL,SPORT BOOK,DLL Min Depo Rp10.000 / Min WithDraw Rp50.000 ‚úÖDEPO Via PULSA TELKOMSEL &amp  XL  Min DP Rp25.000 https://t.co/S5FDGAEleu";0;0;0;0;in;1681951070229245952;1715231832810336533;TMarket1satu;https://twitter.com/TMarket1satu/status/1715231832810336533
Fri Oct 20 04:59:37 +0000 2023;1715231271297962033;"@awank2017 Kalau udah di bayar Zionis Israel, jangan lupa bayar pinjol, jangan di buat main judi slot ya.";0;0;0;1;in;1529703288676839429;1715226898165559616;sandovchapunk;https://twitter.com/sandovchapunk/status/1715231271297962033
Fri Oct 20 04:58:23 +0000 2023;1715230961242361981;"üåü RESULT TAIWAN BALL üåü HARI: JUMAT, 20 OKTOBER 2023 RESULT : 2309 SHIO : Kambing SELAMAT KEPADA PEMENANG, SALAM JP FLOKITOTO https://t.co/mafOn0L0O6";0;0;0;1;in;1492762132186034180;1715230961242361981;flokitoto1;https://twitter.com/flokitoto1/status/1715230961242361981
Fri Oct 20 04:55:05 +0000 2023;1715230129742578146;"@urfavsellen @jawafess Cowo kamu juga bahaya, semua orang yang main judi slot itu resikonya bahaya. Kok ya masih cari pembenaran";0;0;0;0;in;1449376637653454849;1711937916048752719;HendrawanSukis;https://twitter.com/HendrawanSukis/status/1715230129742578146
Fri Oct 20 04:52:43 +0000 2023;1715229536982646923;"üåü RESULT CAMBODIA üåü HARI: JUMAT, 20 OKTOBER 2023 RESULT : 8473 SHIO : Kelinci SELAMAT KEPADA PEMENANG, SALAM JP FLOKITOTO https://t.co/gRoSCH6SBv";0;0;0;0;in;1492762132186034180;1715229536982646923;flokitoto1;https://twitter.com/flokitoto1/status/1715229536982646923
Fri Oct 20 04:42:13 +0000 2023;1715226893795184781;"Untuk @kemkominfo masih situh judi/slot online yg sdh banyak korban akibat situs tsb, segeralah diblokirin tuh situs.";0;0;0;0;in;1668112193861353474;1715226893795184781;yakobusekos9;https://twitter.com/yakobusekos9/status/1715226893795184781
Fri Oct 20 04:36:16 +0000 2023;1715225395442929711;"üåü RESULT PHILIPINA üåü HARI: JUMAT, 20 OKTOBER 2023 RESULT : 4320 SHIO : Monyet SELAMAT KEPADA PEMENANG, SALAM JP FLOKITOTO https://t.co/Mb3ywLvCf9";0;0;0;0;in;1492762132186034180;1715225395442929711;flokitoto1;https://twitter.com/flokitoto1/status/1715225395442929711
Fri Oct 20 04:35:16 +0000 2023;1715225145483448346;"#BENTO88SLOT &gt &gt  Situs Judi Online Paling Dipercaya Member Baru Dijamin WD Berapapun kami Proseskanüî•  üì∑Link Daftar/Login : https://t.co/IOFAyIkAQb   #rtpslot #slotgacor #casino #torendah #gatesofolympus #starlightprincess #judislotonline #pragmaticplay #togelonline #maxwinslot https://t.co/Nv5rmF0Vug";0;0;0;0;in;1624964981677780993;1715225145483448346;Bento88slot;https://twitter.com/Bento88slot/status/1715225145483448346
Fri Oct 20 04:34:10 +0000 2023;1715224866104946854;"#BENTO88SLOT &gt &gt  Situs Judi Online Paling Dipercaya Member Baru Dijamin WD Berapapun kami Proseskanüî•  üì∑Link Daftar/Login : https://t.co/IOFAyIkAQb   #rtpslot #slotgacor #casino #torendah #gatesofolympus #starlightprincess #judislotonline #pragmaticplay #togelonline #maxwinslot https://t.co/zONhrO8fTh";0;0;0;0;in;1624964981677780993;1715224866104946854;Bento88slot;https://twitter.com/Bento88slot/status/1715224866104946854
Fri Oct 20 04:31:10 +0000 2023;1715224111465799901;"Prediksi Togel Texas4d ‚Äì 20 Oktober 2023 ANGKA MAIN : 2 3 1 8 9 COLOK BEBAS 2D : 2 &amp  8 TOP 4D : 8913*3198*2318*9321 TOP 3D : 832*182*231*823*318 TOP 2D : 83*13*21*23*18*12 SHIO : KELINCI ANGKA TWINS : 99 ‚òÜ‚òÜ‚òÜ Web Prediksi FlokiToto ‚òÜ‚òÜ‚òÜ https://t.co/cs910WBU7R";0;0;0;0;in;1492762132186034180;1715224111465799901;flokitoto1;https://twitter.com/flokitoto1/status/1715224111465799901
Fri Oct 20 04:28:36 +0000 2023;1715223468659392515;"#Kodomo99 &gt &gt  Situs Judi Bola Online serta Bandar Slot Paling Dipercaya , Agen Togel Online dengan pelayanan Terbaik Member Baru Dijamin WD &amp  Kemenangan Berapapun kami Proseskan ‚úÖ Modal Receh Jadi Jutawan  üëáüèª Link Daftar|Login : https://t.co/TwkurqgzkT https://t.co/wD2lQpPTGs";0;0;0;0;in;1621422885377294336;1715223468659392515;Kodomo99_;https://twitter.com/Kodomo99_/status/1715223468659392515
Fri Oct 20 04:28:19 +0000 2023;1715223393929486753;"#Kodomo99 &gt &gt  Situs Judi Bola Online serta Bandar Slot Paling Dipercaya , Agen Togel Online dengan pelayanan Terbaik Member Baru Dijamin WD &amp  Kemenangan Berapapun kami Proseskan ‚úÖ Modal Receh Jadi Jutawan  üëáüèª Link Daftar|Login : https://t.co/TwkurqgzkT https://t.co/v8I2hg2mfr";0;0;0;0;in;1621422885377294336;1715223393929486753;Kodomo99_;https://twitter.com/Kodomo99_/status/1715223393929486753
Fri Oct 20 04:25:23 +0000 2023;1715222655971065880;"VIVO7BET Situs Judi Online Deposit Dana Tanpa Potongan: VIVO7BET - Prediksi Mix Parlay 20 Oktober 2023 - 2... https://t.co/wgQiGfC6bh";0;0;0;0;in;1591990707920982017;1715222655971065880;vivo7bet;https://twitter.com/vivo7bet/status/1715222655971065880
Fri Oct 20 04:11:25 +0000 2023;1715219143765721095;"Prediksi Togel Toshima Pools ‚Äì 20 Oktober 2023 ANGKA MAIN : 6 1 4 8 0 COLOK BEBAS 2D : 0 &amp  1 TOP 4D : 1408*6148*0164*8041 TOP 3D : 816*861*614*486*148 TOP 2D : 48*18*68*46*61*81 SHIO : HARIMAU ANGKA TWINS : 44 ‚òÜ‚òÜ‚òÜ Web Prediksi FlokiToto ‚òÜ‚òÜ‚òÜ https://t.co/jTd6qqZw4J";0;0;0;0;in;1492762132186034180;1715219143765721095;flokitoto1;https://twitter.com/flokitoto1/status/1715219143765721095
Fri Oct 20 04:09:15 +0000 2023;1715218597994479645;"Flow algoritma reelsku:  Skateboard/xgames -&gt  girlgroup korea -&gt  iklan judi slot -&gt  parenting -&gt  standup comedy -&gt  iklan judi slot -&gt  ustad/ceramah  Apa ig tidak pusing";0;0;0;0;tl;157151709;1715218597994479645;g_f;https://twitter.com/g_f/status/1715218597994479645
Fri Oct 20 04:03:13 +0000 2023;1715217077446091237;"üåü RESULT DEWATA üåü HARI: JUMAT, 20 OKTOBER 2023 RESULT : 2030 SHIO : Anjing SELAMAT KEPADA PEMENANG, SALAM JP FLOKITOTO https://t.co/X78o0QmCov";0;0;0;0;in;1492762132186034180;1715217077446091237;flokitoto1;https://twitter.com/flokitoto1/status/1715217077446091237
Fri Oct 20 04:02:31 +0000 2023;1715216904506487243;"üåü RESULT OREGON 11 üåü HARI: JUMAT, 20 OKTOBER 2023 RESULT : 6183 SHIO : Ular SELAMAT KEPADA PEMENANG, SALAM JP FLOKITOTO https://t.co/NKByFXhtXk";0;0;0;0;in;1492762132186034180;1715216904506487243;flokitoto1;https://twitter.com/flokitoto1/status/1715216904506487243
Fri Oct 20 03:53:02 +0000 2023;1715214517007978975;"prestasi palembang top 7 pemain judi slot terbanyak di indo";0;0;0;0;in;1430483533127045124;1715214517007978975;littoul;https://twitter.com/littoul/status/1715214517007978975
Fri Oct 20 03:51:39 +0000 2023;1715214168088027434;"Prediksi Togel Jambi Pools ‚Äì 20 Oktober 2023 ANGKA MAIN : 2 6 7 9 0 COLOK BEBAS 2D : 6 &amp  0 TOP 4D : 6709*2679*0627*9076 TOP 3D : 267*679*962*926*792 TOP 2D : 26*29*62*27*72*79 SHIO : TIKUS ANGKA TWINS : 77 ‚òÜ‚òÜ‚òÜ Web Prediksi FlokiToto ‚òÜ‚òÜ‚òÜ https://t.co/mwWsFW9hBN";0;0;0;0;in;1492762132186034180;1715214168088027434;flokitoto1;https://twitter.com/flokitoto1/status/1715214168088027434
Fri Oct 20 03:25:45 +0000 2023;1715207649741115591;"Keluaran Togel Carolina Eve, 20 Oktober 2023 Result : 2662 Shio : Harimau Selamat Kepada Member yang mendapatkan Jackpot, Salam jackpot Paus";0;0;0;0;in;1648257762865074176;1715207649741115591;fyp4dofficial;https://twitter.com/fyp4dofficial/status/1715207649741115591
Fri Oct 20 03:25:21 +0000 2023;1715207548788425196;"@keencang Harusnya gimana kak ? Udah bagus diajak kenalan, bukan diajakin main judi slot üòäüëçüèº";0;0;0;0;in;330823161;1714666590426554841;wizwolfs;https://twitter.com/wizwolfs/status/1715207548788425196
Fri Oct 20 03:25:11 +0000 2023;1715207508820897848;"üåü RESULT CAROLINA EVENINGüåü HARI: JUMAT, 20 OKTOBER 2023 RESULT : 2662 SHIO : Harimau SELAMAT KEPADA PEMENANG, SALAM JP FLOKITOTO https://t.co/bZqe4UrSpg";0;0;0;0;in;1492762132186034180;1715207508820897848;flokitoto1;https://twitter.com/flokitoto1/status/1715207508820897848
Fri Oct 20 03:03:33 +0000 2023;1715202064337477963;"üåü RESULT JUVENTUSüåü HARI: JUMAT, 20 OKTOBER 2023 RESULT : 3471 SHIO : Ular SELAMAT KEPADA PEMENANG, SALAM JP FLOKITOTO https://t.co/py1vvVlZQ6";0;0;0;0;in;1492762132186034180;1715202064337477963;flokitoto1;https://twitter.com/flokitoto1/status/1715202064337477963
Fri Oct 20 03:02:29 +0000 2023;1715201795193233814;"üåü RESULT OREGON 10üåü HARI: JUMAT, 20 OKTOBER 2023 RESULT : 4676 SHIO : Tikus SELAMAT KEPADA PEMENANG, SALAM JP FLOKITOTO https://t.co/H2efdp1Szr";0;0;0;0;in;1492762132186034180;1715201795193233814;flokitoto1;https://twitter.com/flokitoto1/status/1715201795193233814
Fri Oct 20 02:56:02 +0000 2023;1715200173406916949;"‚úÖFREE BET SEDANG DITUTUP ‚úÖLive RTP Slot Gacor Online Indonesia Pragmatic Play: - Koi Pond - Rainbow Gold  üîóLink Gacor: https://t.co/9RHdEDt5Cr  #slotgacorhariini #BebasSeenaknya #slotterpercaya #slotgacor #judislot #VCS #bokepindo #lagiviral #bokepviral #dood #bokepsma #bokep https://t.co/wqxhnJb013";0;0;1;0;en;1531546537326968834;1715200173406916949;slotgacor118;https://twitter.com/slotgacor118/status/1715200173406916949
Fri Oct 20 02:53:12 +0000 2023;1715199457858666968;"#Lim4D &gt &gt  Situs Judi Bola Online serta Bandar Slot Paling Dipercaya , Agen Togel Online dengan pelayanan Terbaik Member Baru Dijamin WD &amp  Kemenangan Berapapun kami Proseskan  Link  Daftar|Login : https://t.co/G5IVC1p3vS  #slotsonline #judislot #rtpgacor #slot #gatesofolympus https://t.co/3JBtvSOc8o";0;0;0;0;in;1613768011865030659;1715199457858666968;Lim4d_;https://twitter.com/Lim4d_/status/1715199457858666968
Fri Oct 20 02:52:54 +0000 2023;1715199384563155280;"#Lim4D &gt &gt  Situs Judi Bola Online serta Bandar Slot Paling Dipercaya , Agen Togel Online dengan pelayanan Terbaik Member Baru Dijamin WD &amp  Kemenangan Berapapun kami Proseskan  Link  Daftar|Login : https://t.co/G5IVC1p3vS  #slotsonline #judislot #rtpgacor #slot #gatesofolympus https://t.co/iQEqAvIQ6K";0;0;0;0;in;1613768011865030659;1715199384563155280;Lim4d_;https://twitter.com/Lim4d_/status/1715199384563155280
Fri Oct 20 02:50:58 +0000 2023;1715198897709277492;"Woi anj w gapernah judi knp byk sms sama wa dari admin slot su";0;0;0;1;in;1520705921022050304;1715198897709277492;Killuazzoldyk23;https://twitter.com/Killuazzoldyk23/status/1715198897709277492
Fri Oct 20 02:38:53 +0000 2023;1715195856683757572;"LIGA 1 BRI INDONESIA 2023  PSM Makasar VS Arema FC [Prediksi 2-1] Jumat, 20 Oktober 2023 19.00 WIB  LINK LIVE : https://t.co/lmmfEus3xT  #jaya365 #BRILiga1 #judibola #parlay #BRILiga1202324 #ligaindonesia #liga1 #PSM #AremaFC #Aremamalang https://t.co/3F82Wbdu0W";0;0;0;0;in;1443438513844748288;1715195856683757572;JAYA365OFC;https://twitter.com/JAYA365OFC/status/1715195856683757572
Fri Oct 20 02:38:04 +0000 2023;1715195648746901849;"#Sizi99 &gt &gt  Situs Judi Bola Online serta Bandar Slot Paling Dipercaya , Agen Togel Online dengan pelayanan Terbaik Member Baru Dijamin WD &amp  Kemenangan Berapapun kami Proseskan ‚úÖ  üëáüèª Link Daftar|Login : https://t.co/zSyWSh2nEk https://t.co/sRaHocMpMm";0;0;0;0;in;1613506987429617665;1715195648746901849;Sizi99_;https://twitter.com/Sizi99_/status/1715195648746901849
Fri Oct 20 02:37:56 +0000 2023;1715195618313023875;"#Sizi99 &gt &gt  Situs Judi Bola Online serta Bandar Slot Paling Dipercaya , Agen Togel Online dengan pelayanan Terbaik Member Baru Dijamin WD &amp  Kemenangan Berapapun kami Proseskan ‚úÖ  üëáüèª Link Daftar|Login : https://t.co/zSyWSh2nEk https://t.co/w7SCTpLE6e";0;0;0;0;in;1613506987429617665;1715195618313023875;Sizi99_;https://twitter.com/Sizi99_/status/1715195618313023875
Fri Oct 20 02:37:44 +0000 2023;1715195566903476678;"LIGA 1 BRI INDONESIA 2023  Bali United VS Persebaya Surabaya [Prediksi 3-0] Jumat, 20 Oktober 2023 15.00 WIB  LINK LIVE : https://t.co/lmmfEus3xT  #jaya365 #BRILiga1 #judibola #parlay #BRILiga1202324 #ligaindonesia #liga1 #baliunited #baliutd #PersebayaDay #persebaya https://t.co/dnGhOAA7Xs";0;0;0;0;in;1443438513844748288;1715195566903476678;JAYA365OFC;https://twitter.com/JAYA365OFC/status/1715195566903476678
Fri Oct 20 02:37:39 +0000 2023;1715195545244123450;"@txtdrimedia Kena judi slot ni, atau dipaksa temennya.";0;0;0;0;in;1328735909445976066;1715173989788873159;Ryan19Musisi;https://twitter.com/Ryan19Musisi/status/1715195545244123450
Fri Oct 20 02:34:46 +0000 2023;1715194819122020793;"LIGA 1 BRI INDONESIA 2023  Persikabo 1973 VS PSIS Semarang [Prediksi 2-2] Jumat, 20 Oktober 2023 15.00 WIB  LINK LIVE : https://t.co/lmmfEus3xT  #jaya365 #BRILiga1 #judibola #parlay #BRILiga1202324 #ligaindonesia #liga1 #psisday #psis #persikabo https://t.co/39PcrL7d1x";0;0;0;0;in;1443438513844748288;1715194819122020793;JAYA365OFC;https://twitter.com/JAYA365OFC/status/1715194819122020793
Fri Oct 20 02:32:02 +0000 2023;1715194133508456887;"üåü RESULT BENINüåü HARI: JUMAT, 20 OKTOBER 2023 RESULT : 6935 SHIO : Ular SELAMAT KEPADA PEMENANG, SALAM JP FLOKITOTO https://t.co/vgqVR3888z";0;0;0;0;in;1492762132186034180;1715194133508456887;flokitoto1;https://twitter.com/flokitoto1/status/1715194133508456887
Fri Oct 20 02:31:48 +0000 2023;1715194074154885425;"POLA KHUSUS SLOT GACOR TERPERCAYA HARI INI #SPINWIN77 20 OKT 2023  LUCKY NEKO | 98.4% 15x Manual | Turbo OFF‚Äâ 30x Auto | Turbo ON 80x Auto | Turbo OFF‚Äâ 100x Auto | Turbo ON‚Äâ  LINK DAFTAR RESMI https://t.co/dT2Amp4SsW GASSSBRAYY ‚ÄºÔ∏è Mahfud Cawapres Jumat GAMA MOM SORRY Alphard SKCK https://t.co/9EgSNsf603";0;0;0;0;in;1710492967369367552;1715194074154885425;LinaEla191357;https://twitter.com/LinaEla191357/status/1715194074154885425
Fri Oct 20 02:27:34 +0000 2023;1715193009887961475;"#Nila88&gt  Situs Judi Bola Online serta Bandar Slot Paling Dipercaya , Agen Togel Online dengan Pelayanan terbaik      üëáüèª Link Daftar|Login : https://t.co/xcHbZb2xpW  #judislot #slotsonline #rtpslot #rtpgacor https://t.co/GPIXOii9dj";0;0;0;0;in;1621419693092519936;1715193009887961475;Nila88_;https://twitter.com/Nila88_/status/1715193009887961475
Fri Oct 20 02:27:25 +0000 2023;1715192971543695792;"#Nila88&gt  Situs Judi Bola Online serta Bandar Slot Paling Dipercaya , Agen Togel Online dengan Pelayanan terbaik      üëáüèª Link Daftar|Login : https://t.co/xcHbZb2xpW  #judislot #slotsonline #rtpslot #rtpgacor https://t.co/VQKVcUKZ3g";0;0;0;0;in;1621419693092519936;1715192971543695792;Nila88_;https://twitter.com/Nila88_/status/1715192971543695792
Fri Oct 20 02:27:16 +0000 2023;1715192932142309586;"#Nila88&gt  Situs Judi Bola Online serta Bandar Slot Paling Dipercaya , Agen Togel Online dengan Pelayanan terbaik      üëáüèª Link Daftar|Login : https://t.co/xcHbZb2xpW  #judislot #slotsonline #rtpslot #rtpgacor https://t.co/Psj5XXBi6v";0;0;0;0;in;1621419693092519936;1715192932142309586;Nila88_;https://twitter.com/Nila88_/status/1715192932142309586
Fri Oct 20 02:03:18 +0000 2023;1715186899055485069;"üåü RESULT OCEANIAüåü HARI: JUMAT, 20 OKTOBER 2023 RESULT : 8196 SHIO : Naga SELAMAT KEPADA PEMENANG, SALAM JP FLOKITOTO https://t.co/vOyqepo3fd";0;0;0;0;in;1492762132186034180;1715186899055485069;flokitoto1;https://twitter.com/flokitoto1/status/1715186899055485069
Fri Oct 20 02:02:12 +0000 2023;1715186622969663987;"üåü RESULT OREGON 09üåü HARI: JUMAT, 20 OKTOBER 2023 RESULT : 1007 SHIO : Ayam SELAMAT KEPADA PEMENANG, SALAM JP FLOKITOTO https://t.co/cisqKgM9qR";0;0;0;0;in;1492762132186034180;1715186622969663987;flokitoto1;https://twitter.com/flokitoto1/status/1715186622969663987
Fri Oct 20 01:57:52 +0000 2023;1715185531662094420;"Slot Judi";0;0;0;0;sl;38530503;1715185471549243696;NandoKuy;https://twitter.com/NandoKuy/status/1715185531662094420
Fri Oct 20 01:49:09 +0000 2023;1715183341971111987;"üåü RESULT CALIFORNIAüåü HARI: JUMAT, 20 OKTOBER 2023 RESULT : 3981 SHIO : Kambing SELAMAT KEPADA PEMENANG, SALAM JP FLOKITOTO https://t.co/IJVrPOz19K";0;0;0;0;in;1492762132186034180;1715183341971111987;flokitoto1;https://twitter.com/flokitoto1/status/1715183341971111987
Fri Oct 20 01:37:05 +0000 2023;1715180303176872040;"‚ÄúHot-hand fallacy‚Äù ini menjadi salah satu teorema kerangka model bisnis operator judi dengan membiarkan penjudi untuk menang beberapa kali, lalu setelah itu dibuat kalah.   https://t.co/hHmk71E7c3 #edisi #judi #slot #psikologis";0;0;0;0;in;1522419250044215296;1715180303176872040;edisi_co;https://twitter.com/edisi_co/status/1715180303176872040
Fri Oct 20 01:29:44 +0000 2023;1715178453811810805;"@Info_SerieA @vqTakumi judi slot kakek zeus";0;0;0;0;sl;897608364;1714862816128344223;kudabiru_;https://twitter.com/kudabiru_/status/1715178453811810805
Fri Oct 20 01:18:42 +0000 2023;1715175679002821063;"Macan168 Situs Judi Slot Online 2023 Web : https://t.co/6ViBozH57u Situs RTP Live Slot Gacor #slot #slotonline #slotgacor #macan168 #pragmatic #colosal #BarnFestival #littlegem #shininghot100 #GorillaMayhem #Muertos #pgsoft #Mysticalspirit https://t.co/pGdJdzJIoU";0;0;0;0;en;1655088972950032384;1715175679002821063;mmacan168;https://twitter.com/mmacan168/status/1715175679002821063
Fri Oct 20 01:04:42 +0000 2023;1715172151966495113;"üåü RESULT CHONBURIüåü HARI: JUMAT, 20 OKTOBER 2023 RESULT : 3669 SHIO : Kambing SELAMAT KEPADA PEMENANG, SALAM JP FLOKITOTO https://t.co/tElSbfN9lb";0;0;0;0;in;1492762132186034180;1715172151966495113;flokitoto1;https://twitter.com/flokitoto1/status/1715172151966495113
Fri Oct 20 01:03:37 +0000 2023;1715171880678948986;"üåü RESULT OREGON 08üåü HARI: JUMAT, 20 OKTOBER 2023 RESULT : 4683 SHIO : Ular SELAMAT KEPADA PEMENANG, SALAM JP FLOKITOTO https://t.co/bK0NYYerBM";0;0;0;0;in;1492762132186034180;1715171880678948986;flokitoto1;https://twitter.com/flokitoto1/status/1715171880678948986
Fri Oct 20 00:28:20 +0000 2023;1715162999999361315;"ohiyaa, mereka tukang slot judol juga kan yaa. sosoan bgttt ngatain akun avkor, urus dulu sono slot judi lu. utang lu udah numpuk tau wkwkwkwkwk";0;0;0;3;in;1428677179085266945;1715162999999361315;jenoethe;https://twitter.com/jenoethe/status/1715162999999361315
Fri Oct 20 00:27:39 +0000 2023;1715162829580595524;"Alibababet Adalah Situs Judi Online Terpercaya Yang Sudah Berlisensi Resmi  ‚úÖ Bonus 100% Member Baru DEPOSIT IDR 25.000 DAPAT IDR 50.000  üü¢ Ada Info RTP Slot Gacor Setiap Hari  üì≤ Whatsapp Resmi = 0812-2753-5790 üåê Link Situs = Ketik Di Google "Alibababet"  #alibababet https://t.co/iZXTWEebuZ";0;0;0;0;in;1473818084695625735;1715162829580595524;ALIBABABETRESMI;https://twitter.com/ALIBABABETRESMI/status/1715162829580595524
Fri Oct 20 00:19:34 +0000 2023;1715160794743357852;"Jadwal MacanBola Tanggal 20 - 21 oktober 2023 Situs MACANBOLA adalah situs judi bola dan live casino serta slot games yang popular di Ranah Asia aman dan terpercaya  #INDONESIA #LIGACHAMPIONS #LIGAEROPA #PIALADUNIA #LIGASPANYOL #LIGAINGGRIS #LIGAINDONESIA #BUNDESLIGA #LIGAITALIA https://t.co/YIVQ7Ax8jj";0;0;0;0;in;1636815031030669312;1715160794743357852;MacanbolaID;https://twitter.com/MacanbolaID/status/1715160794743357852
Fri Oct 20 00:01:45 +0000 2023;1715156310638133343;"üåü RESULT OREGON 07üåü HARI: JUMAT, 20 OKTOBER 2023 RESULT : 4326 SHIO : Harimau SELAMAT KEPADA PEMENANG, SALAM JP FLOKITOTO https://t.co/kNcy7CPHLj";0;0;0;0;in;1492762132186034180;1715156310638133343;flokitoto1;https://twitter.com/flokitoto1/status/1715156310638133343
Thu Oct 19 23:57:12 +0000 2023;1715155167891644883;"üëâ #KLIK228 : LINK LOGIN üëâ https://t.co/K3wnXhXD1t MAIN DI TEMPAT KAMI 100% PASTI DI BAYAR,BERAPAPUN KEMENANGGANNYA,KLIK228 ADALAH AGEN JUDI ONLINE SEPAKBOLA,SLOT,CASINO,POKER DAN TOGEL  LINK LOGIN üëâ https://t.co/K3wnXhXD1t KLIK DISINI WHATSAPP üëâ https://t.co/JxDkBC3Dob https://t.co/tYHNbM69HW";0;0;0;1;in;1611370324146417665;1715155167891644883;LimeiLilis;https://twitter.com/LimeiLilis/status/1715155167891644883
Thu Oct 19 23:52:18 +0000 2023;1715153931964428469;"TAK PERLU LAGI TAKUT RUNGKAT. sekarang di ketuaslot kamu bisa pili server nya sendiri dan kesempatan untuk menang jauh lebi besar ya buruan cobain https://t.co/x1cVjeYQ3a https://t.co/yZQP1BuLZF";0;0;0;0;in;1519562322284802048;1715153931964428469;KetuaSlot;https://twitter.com/KetuaSlot/status/1715153931964428469
Thu Oct 19 23:27:28 +0000 2023;1715147682724085807;"üëâ #KLIK228 : LINK LOGIN üëâ https://t.co/K3wnXhXD1t MAIN DI TEMPAT KAMI 100% PASTI DI BAYAR,BERAPAPUN KEMENANGGANNYA,KLIK228 ADALAH AGEN JUDI ONLINE SEPAKBOLA,SLOT,CASINO,POKER DAN TOGEL  LINK LOGIN üëâ https://t.co/K3wnXhXD1t KLIK DISINI WHATSAPP üëâ https://t.co/JxDkBC3Dob https://t.co/us2PIo8UEg";0;0;0;1;in;1611370324146417665;1715147682724085807;LimeiLilis;https://twitter.com/LimeiLilis/status/1715147682724085807
Thu Oct 19 23:24:50 +0000 2023;1715147023295615109;"@CNNIndonesia Antisipasi slot judi dan pinjol laknat";0;0;0;0;tl;1000964377040764928;1715002683109871648;MNuck2;https://twitter.com/MNuck2/status/1715147023295615109
Thu Oct 19 23:20:18 +0000 2023;1715145880809205965;"Jantanslot88 situs judi online terpercaya pasti bayar, dan dapatkan rtp slot gacor, terupdate di hacketslot88 100% maxwin. #JANTANSLOT88 #JANTANSLOT88 #slot #slotonline #totoslot #maniaslot #gameslot #bocoranslot #daftarslot #agenbola #slotgacor #slotserverthailand https://t.co/ipVo71JAty";0;0;0;0;in;1500856371612319747;1715145880809205965;JantanSlot88;https://twitter.com/JantanSlot88/status/1715145880809205965
Thu Oct 19 23:14:57 +0000 2023;1715144533196095781;"@rio1302 Mmmm bole asal maen game nya bukan game judi slot üòäüôè";0;1;0;0;in;1590533715775860743;1715079095032393737;thisisdudes;https://twitter.com/thisisdudes/status/1715144533196095781
Thu Oct 19 23:03:12 +0000 2023;1715141577348374584;"üåü RESULT ZIMBABWEüåü HARI: JUMAT, 20 OKTOBER 2023 RESULT : 1860 SHIO : Naga SELAMAT KEPADA PEMENANG, SALAM JP FLOKITOTO https://t.co/KqkJdaDvzy";0;0;0;0;in;1492762132186034180;1715141577348374584;flokitoto1;https://twitter.com/flokitoto1/status/1715141577348374584
Thu Oct 19 23:02:05 +0000 2023;1715141294480326726;"üåü RESULT OREGON 06üåü HARI: JUMAT, 20 OKTOBER 2023 RESULT : 2806 SHIO : Anjing SELAMAT KEPADA PEMENANG, SALAM JP FLOKITOTO https://t.co/4r8I3Sx4Jy";0;0;0;0;in;1492762132186034180;1715141294480326726;flokitoto1;https://twitter.com/flokitoto1/status/1715141294480326726
Thu Oct 19 22:53:19 +0000 2023;1715139088440029463;"üëâ #KLIK228 : LINK LOGIN üëâ https://t.co/K3wnXhXD1t MAIN DI TEMPAT KAMI 100% PASTI DI BAYAR,BERAPAPUN KEMENANGGANNYA,KLIK228 ADALAH AGEN JUDI ONLINE SEPAKBOLA,SLOT,CASINO,POKER DAN TOGEL  LINK LOGIN üëâ https://t.co/K3wnXhXD1t KLIK DISINI WHATSAPP üëâ https://t.co/JxDkBC3Dob https://t.co/PPioN2ywWQ";0;0;0;1;in;1611370324146417665;1715139088440029463;LimeiLilis;https://twitter.com/LimeiLilis/status/1715139088440029463
Thu Oct 19 22:29:24 +0000 2023;1715133069722845332;"- MAIN DI TEMPAT KAMI 100% PASTI DI BAYAR,BERAPAPUN KEMENANGGANNYA,KLIK228 ADALAH AGEN JUDI ONLINE SEPAKBOLA,SLOT,CASINO,POKER DAN TOGEL  LINK LOGIN üëâ https://t.co/K3wnXhXD1t INFO LEBIH LANJUT BISA HUBUNGI : KLIK DISINI WHATSAPP üëâ https://t.co/JxDkBC3Dob https://t.co/cUjgSKcDxr";0;0;0;1;in;1611370324146417665;1715133069722845332;LimeiLilis;https://twitter.com/LimeiLilis/status/1715133069722845332
Thu Oct 19 22:19:18 +0000 2023;1715130530935775545;"Prediksi Togel Toto Macau SEASON 1 ‚Äì 20 Oktober 2023 ANGKA MAIN : 8 0 5 4 2 COLOK BEBAS 2D : 2 &amp  0 TOP 4D : 8054*0524*4250*2085 TOP 3D : 054*408*805*480*548 TOP 2D : 40*85*05*54*84*80 SHIO : ANJING ANGKA TWINS : 00 ‚òÜ‚òÜ‚òÜ Web Prediksi FlokiToto ‚òÜ‚òÜ‚òÜ https://t.co/lAoWcBKMjI";0;0;0;0;in;1492762132186034180;1715130530935775545;flokitoto1;https://twitter.com/flokitoto1/status/1715130530935775545
Thu Oct 19 22:15:44 +0000 2023;1715129630909436223;"Prediksi Togel Oregon 12 ‚Äì 20 Oktober 2023 ANGKA MAIN : 9 5 8 6 1 COLOK BEBAS 2D : 6 &amp  1 TOP 4D : 9586*1598*6185*5816 TOP 3D : 586*869*659*695*958 TOP 2D : 56*85*95*58*86*65 SHIO : KUDA ANGKA TWINS : 11 ‚òÜ‚òÜ‚òÜ Web Prediksi FlokiToto ‚òÜ‚òÜ‚òÜ https://t.co/uDPMQTfRy2";0;0;0;0;in;1492762132186034180;1715129630909436223;flokitoto1;https://twitter.com/flokitoto1/status/1715129630909436223
Thu Oct 19 22:14:27 +0000 2023;1715129309424451816;"Prediksi Togel Magnum Cambodia ‚Äì 20 Oktober 2023 ANGKA MAIN : 1 9 4 2 5 COLOK BEBAS 2D : 2 &amp  5 TOP 4D : 9452*1942*2549*5914 TOP 3D : 421*291*194*942*219 TOP 2D : 94*19*14*42*41*12 SHIO : NAGA ANGKA TWINS : 11 ‚òÜ‚òÜ‚òÜ Web Prediksi FlokiToto ‚òÜ‚òÜ‚òÜ https://t.co/MGf90MBnj9";0;0;0;0;in;1492762132186034180;1715129309424451816;flokitoto1;https://twitter.com/flokitoto1/status/1715129309424451816
Thu Oct 19 22:13:03 +0000 2023;1715128956327023085;"Prediksi Togel Dewata Pools ‚Äì 20 Oktober 2023 ANGKA MAIN : 3 2 5 1 8 COLOK BEBAS 2D : 1 &amp  2 TOP 4D : 3251*2581*8235*1852 TOP 3D : 123*132*325*513*251 TOP 2D : 35*53*23*25*52*21 SHIO : KELINCI ANGKA TWINS : 88 ‚òÜ‚òÜ‚òÜ Web Prediksi FlokiToto ‚òÜ‚òÜ‚òÜ https://t.co/nz57myWvaU";0;0;0;0;in;1492762132186034180;1715128956327023085;flokitoto1;https://twitter.com/flokitoto1/status/1715128956327023085
Thu Oct 19 22:12:30 +0000 2023;1715128820284727475;"üåü RESULT ASCOLIüåü HARI: JUMAT, 20 OKTOBER 2023 RESULT : 2993 SHIO : Kambing SELAMAT KEPADA PEMENANG, SALAM JP FLOKITOTO https://t.co/ZVUJ3hNKaG";0;0;0;0;in;1492762132186034180;1715128820284727475;flokitoto1;https://twitter.com/flokitoto1/status/1715128820284727475
Thu Oct 19 22:11:09 +0000 2023;1715128479866667227;"Prediksi Togel Carolina Evening ‚Äì 20 Oktober 2023 ANGKA MAIN : 7 6 5 4 1 COLOK BEBAS 2D : 4 &amp  6 TOP 4D : 4156*7654*6514*1675 TOP 3D : 547*654*476*467*765 TOP 2D : 54*56*64*65*46*76 SHIO : MONYET ANGKA TWINS : 11 ‚òÜ‚òÜ‚òÜ Web Prediksi FlokiToto ‚òÜ‚òÜ‚òÜ https://t.co/yrhz0tnTaw";0;0;0;0;in;1492762132186034180;1715128479866667227;flokitoto1;https://twitter.com/flokitoto1/status/1715128479866667227
Thu Oct 19 22:10:34 +0000 2023;1715128330775920808;"Prediksi Togel Oregon 11 ‚Äì 19 Oktober 2023 ANGKA MAIN : 5 6 8 2 3 COLOK BEBAS 2D : 3 &amp  5 TOP 4D : 5682*2386*3658*6832 TOP 3D : 682*256*265*825*568 TOP 2D : 52*68*86*26*65*85 SHIO : ANJING ANGKA TWINS : 55 ‚òÜ‚òÜ‚òÜ Web Prediksi FlokiToto ‚òÜ‚òÜ‚òÜ https://t.co/ZX3aVigcZl";0;0;0;0;in;1492762132186034180;1715128330775920808;flokitoto1;https://twitter.com/flokitoto1/status/1715128330775920808
Thu Oct 19 22:09:30 +0000 2023;1715128064429228437;"Prediksi Togel Juventus Pools ‚Äì 20 Oktober 2023 ANGKA MAIN : 6 0 4 1 3 COLOK BEBAS 2D : 3 &amp  0 TOP 4D : 6041*3064*1340*0431 TOP 3D : 106*416*041*160*604 TOP 2D : 60*64*41*06*46*01 SHIO : HARIMAU ANGKA TWINS : 66 ‚òÜ‚òÜ‚òÜ Web Prediksi FlokiToto ‚òÜ‚òÜ‚òÜ https://t.co/ex4mA7QGPv";0;0;0;0;in;1492762132186034180;1715128064429228437;flokitoto1;https://twitter.com/flokitoto1/status/1715128064429228437
Thu Oct 19 22:08:08 +0000 2023;1715127717509923210;"Prediksi Togel Benin Pools ‚Äì 20 Oktober 2023 ANGKA MAIN : 4 8 2 1 9 COLOK BEBAS 2D : 9 &amp  4 TOP 4D : 1928*8291*4821*9842 TOP 3D : 482*148*214*821*184 TOP 2D : 81*48*28*21*42*24 SHIO : ULAR ANGKA TWINS : 99 ‚òÜ‚òÜ‚òÜ Web Prediksi FlokiToto ‚òÜ‚òÜ‚òÜ https://t.co/6RNaobry6l";0;0;0;0;in;1492762132186034180;1715127717509923210;flokitoto1;https://twitter.com/flokitoto1/status/1715127717509923210
Thu Oct 19 22:06:50 +0000 2023;1715127392283562085;"Prediksi Togel Oceania Pools ‚Äì 20 Oktober 2023 ANGKA MAIN : 6 7 2 1 5 COLOK BEBAS 2D : 7 &amp  1 TOP 4D : 5762*1527*7251*6721 TOP 3D : 176*672*216*167*721 TOP 2D : 61*17*72*26*76*21 SHIO : KERBAU ANGKA TWINS : 11 ‚òÜ‚òÜ‚òÜ Web Prediksi FlokiToto ‚òÜ‚òÜ‚òÜ https://t.co/nvkROR5zoa";0;0;0;0;in;1492762132186034180;1715127392283562085;flokitoto1;https://twitter.com/flokitoto1/status/1715127392283562085
Thu Oct 19 22:06:20 +0000 2023;1715127266836169151;"Prediksi Togel California Pools ‚Äì 20 Oktober 2023 ANGKA MAIN : 9 3 6 0 7 COLOK BEBAS 2D : 3 &amp  9 TOP 4D : 3670*7396*9360*0763 TOP 3D : 360*936*093*039*609 TOP 2D : 36*60*93*96*63*69 SHIO : HARIMAU ANGKA TWINS : 00 ‚òÜ‚òÜ‚òÜ Web Prediksi FlokiToto ‚òÜ‚òÜ‚òÜ https://t.co/MuSIzRQDkN";0;0;0;0;in;1492762132186034180;1715127266836169151;flokitoto1;https://twitter.com/flokitoto1/status/1715127266836169151
Thu Oct 19 22:05:55 +0000 2023;1715127162402164805;"Prediksi Togel Chonburi Pools ‚Äì 20 Oktober 2023 ANGKA MAIN : 2 4 0 6 1 COLOK BEBAS 2D : 4 &amp  2 TOP 4D : 2406*6104*1420*4016 TOP 3D : 406*062*642*240*624 TOP 2D : 64*40*26*24*20*02 SHIO : ANJING ANGKA TWINS : 66 ‚òÜ‚òÜ‚òÜ Web Prediksi FlokiToto ‚òÜ‚òÜ‚òÜ https://t.co/Z10rZvHoid";0;0;0;0;in;1492762132186034180;1715127162402164805;flokitoto1;https://twitter.com/flokitoto1/status/1715127162402164805
Thu Oct 19 22:05:06 +0000 2023;1715126956084408686;"Prediksi Togel Oregon 08 ‚Äì 20 Oktober 2023 ANGKA MAIN : 7 2 9 4 3 COLOK BEBAS 2D : 3 &amp  9 TOP 4D : 7294*2934*4392*3279 TOP 3D : 427*472*294*729*947 TOP 2D : 72*94*92*42*24*27 SHIO : HARIMAU ANGKA TWINS : 33 ‚òÜ‚òÜ‚òÜ Web Prediksi FlokiToto ‚òÜ‚òÜ‚òÜ https://t.co/2n7U2UMUfH";0;0;0;0;in;1492762132186034180;1715126956084408686;flokitoto1;https://twitter.com/flokitoto1/status/1715126956084408686
Thu Oct 19 22:03:06 +0000 2023;1715126453967434139;"üåü RESULT OREGON 05üåü HARI: JUMAT, 20 OKTOBER 2023 RESULT : 2222 SHIO : Kuda SELAMAT KEPADA PEMENANG, SALAM JP FLOKITOTO https://t.co/EqvcAKtjMS";0;0;0;0;in;1492762132186034180;1715126453967434139;flokitoto1;https://twitter.com/flokitoto1/status/1715126453967434139
Thu Oct 19 21:54:47 +0000 2023;1715124359654965272;"üëâ MAIN DI TEMPAT KAMI 100% PASTI DI BAYAR,BERAPAPUN KEMENANGGANNYA,KLIK228 ADALAH AGEN JUDI ONLINE SEPAKBOLA,SLOT,CASINO,POKER DAN TOGEL  LINK LOGIN üëâ https://t.co/K3wnXhXD1t INFO LEBIH LANJUT BISA HUBUNGI : KLIK DISINI WHATSAPP üëâ https://t.co/JxDkBC3Dob https://t.co/yFWGN4XaTI";0;0;0;1;in;1611370324146417665;1715124359654965272;LimeiLilis;https://twitter.com/LimeiLilis/status/1715124359654965272
Thu Oct 19 21:54:16 +0000 2023;1715124231636463635;"üî•RTP SLOT GACOR HARI INI 20 OKTOBER 2023üî•  &gt &gt  Klaim Bonus New Player +40% : https://t.co/fOK5PATD26  #777mgm #slotgacor #slotonline  #infoslot #infogacor #infomaxwin #linkgacor #situsgacor #slottergacor #infolinkgacor #daftarslot #rtpslot #slotgacorterbaru #situsjudionline https://t.co/I9efVGyW1p";0;0;0;0;in;1698889940137058304;1715124231636463635;Warung777;https://twitter.com/Warung777/status/1715124231636463635
Thu Oct 19 21:24:39 +0000 2023;1715116777573958117;"Tancap4d adalah situs judi slot &amp  togel online terpercaya Selamat Untuk Member Setia Kami Bos "Bud****" DP : 200.000 WD : 1.000.000 GAMES : Gates of Olympus Di jamin Member Baru Dimanja Bos Link Daftar : https://t.co/PMxALYOSjj  #tancap4d #slotonline #slotgacor #buktiwd #tancap4d https://t.co/lGOOHdSMse";0;0;0;0;in;1671639981750910976;1715116777573958117;Tancap4Dslot;https://twitter.com/Tancap4Dslot/status/1715116777573958117
Thu Oct 19 21:15:15 +0000 2023;1715114410564530685;"Bocoran Slot Mudah Jackpot Browin4d Resmi di Indonesia.  Pola Slot Terbaik Dengan Kemenangan Tingkat Tertinggi JP Berapapun Pasti di Bayar Lunas.  #Browin4d #SlotAntiRungkad #SitusSlotGacor #SlotMudahJackpot #SlotDepositPulsa #PolaSlot #BocoranSlot #RTPSlot #JudiSlot #BandarSlot https://t.co/66VX63GLVT";0;0;0;0;in;1582598143840903168;1715114410564530685;browin4d;https://twitter.com/browin4d/status/1715114410564530685
Thu Oct 19 21:12:28 +0000 2023;1715113711306981668;"Yg kecanduan judi slot juga moga bisa segera sadar dan segera rehabilitasi  Atau mungkin pemerintah bisa bantu bikin rehabilitasi gratis buat yg kecanduan judi";0;1;0;0;in;791453586626519040;1715113711306981668;mr_farhanheit;https://twitter.com/mr_farhanheit/status/1715113711306981668
Thu Oct 19 21:03:26 +0000 2023;1715111436538749260;"üåü RESULT OREGON 04üåü HARI: JUMAT, 20 OKTOBER 2023 RESULT : 9063 SHIO : Kerbau SELAMAT KEPADA PEMENANG, SALAM JP FLOKITOTO https://t.co/UL0y74tZle";0;0;0;0;in;1492762132186034180;1715111436538749260;flokitoto1;https://twitter.com/flokitoto1/status/1715111436538749260
Thu Oct 19 20:54:28 +0000 2023;1715109180917625273;"INFO SLOT GACOR GOBETASIA Jumat, 20 OKTOBER 2023  Mengetahui tips menang dalam memasang taruhan judi slot memang sangatlah penting.  üìå TEMPAT MAXWIN üì∑https://t.co/VuifxKhVrH  #gobetasia #TZUYU #AppleEvent #slotgacor #slotgacorhariini #slotonline https://t.co/3ijkHgfiXf";0;1;1;1;in;1513981044600770560;1715109180917625273;gobetasiainfo;https://twitter.com/gobetasiainfo/status/1715109180917625273
Thu Oct 19 20:49:37 +0000 2023;1715107958508675268;"üåü RESULT VIENNAüåü HARI: JUMAT, 20 OKTOBER 2023 RESULT : 2540 SHIO : Tikus SELAMAT KEPADA PEMENANG, SALAM JP FLOKITOTO https://t.co/PtjNK5OALF";0;0;0;0;in;1492762132186034180;1715107958508675268;flokitoto1;https://twitter.com/flokitoto1/status/1715107958508675268
Thu Oct 19 20:47:00 +0000 2023;1715107302074880075;"Info Slot Gacor DAYWINBET Jumat, 20 Oktober 2023  Mengetahui tips menang dalam memasang taruhan judi slot memang sangatlah penting. Jika putaran terasa bagus coba buy spin di bet terendah  üìåTEMPAT CUAN  https://t.co/VJdGKZFqXC  #daywinbet #slotgacor #slotonline #InfoLoker https://t.co/COLPerCa37";0;0;0;0;in;1497302647459966978;1715107302074880075;daywinbet;https://twitter.com/daywinbet/status/1715107302074880075
Thu Oct 19 20:04:48 +0000 2023;1715096679853261114;"üåü RESULT EIBARüåü HARI: JUMAT, 20 OKTOBER 2023 RESULT : 8297 SHIO : Kelinci SELAMAT KEPADA PEMENANG, SALAM JP FLOKITOTO https://t.co/4txNqGD7NF";0;0;0;0;in;1492762132186034180;1715096679853261114;flokitoto1;https://twitter.com/flokitoto1/status/1715096679853261114
Thu Oct 19 20:03:55 +0000 2023;1715096458905661743;"üåü RESULT LOKOMOTIVüåü HARI: JUMAT, 20 OKTOBER 2023 RESULT : 3526 SHIO : Harimau SELAMAT KEPADA PEMENANG, SALAM JP FLOKITOTO https://t.co/QywR7yVCFo";0;0;0;0;in;1492762132186034180;1715096458905661743;flokitoto1;https://twitter.com/flokitoto1/status/1715096458905661743
Thu Oct 19 20:02:50 +0000 2023;1715096185533612313;"üåü RESULT OREGON 03üåü HARI: JUMAT, 20 OKTOBER 2023 RESULT : 4195 SHIO : Ular SELAMAT KEPADA PEMENANG, SALAM JP FLOKITOTO https://t.co/ZwGoxqOvNT";0;0;0;0;in;1492762132186034180;1715096185533612313;flokitoto1;https://twitter.com/flokitoto1/status/1715096185533612313
Thu Oct 19 19:55:52 +0000 2023;1715094433283424581;"Akun Youtube DPR Diretas Jadi Live Judi Slot, BSSN Ungkap IP Address Pelaku Ada di Amerika Serikat https://t.co/5vyExEO8kR";0;0;0;0;in;1712362987342974976;1715094433283424581;puspit11080;https://twitter.com/puspit11080/status/1715094433283424581
Thu Oct 19 19:46:40 +0000 2023;1715092119382282610;"üåü RESULT MAGNUM 4Düåü HARI: JUMAT, 20 OKTOBER 2023 RESULT : 8107 SHIO : Ayam SELAMAT KEPADA PEMENANG, SALAM JP FLOKITOTO https://t.co/Yplwbnb2AK";0;0;0;0;in;1492762132186034180;1715092119382282610;flokitoto1;https://twitter.com/flokitoto1/status/1715092119382282610
Thu Oct 19 19:41:48 +0000 2023;1715090893550789008;"üåü RESULT MILLWALLüåü HARI: JUMAT, 20 OKTOBER 2023 RESULT : 3359 SHIO : Ular SELAMAT KEPADA PEMENANG, SALAM JP FLOKITOTO https://t.co/q0n7EQTcJg";0;0;0;0;in;1492762132186034180;1715090893550789008;flokitoto1;https://twitter.com/flokitoto1/status/1715090893550789008
Thu Oct 19 19:07:43 +0000 2023;1715082314815025402;"üåü RESULT OREGON 02üåü HARI: JUMAT, 20 OKTOBER 2023 RESULT : 5861 SHIO : Kelinci SELAMAT KEPADA PEMENANG, SALAM JP FLOKITOTO https://t.co/xTRQbXsyJc";0;0;0;0;in;1492762132186034180;1715082314815025402;flokitoto1;https://twitter.com/flokitoto1/status/1715082314815025402
Thu Oct 19 19:06:55 +0000 2023;1715082113777840555;"üåü RESULT CAROLINA DAYSüåü HARI: JUMAT, 20 OKTOBER 2023 RESULT : 4179 SHIO : Ayam SELAMAT KEPADA PEMENANG, SALAM JP FLOKITOTO https://t.co/jz4rhyvtS9";0;0;0;0;in;1492762132186034180;1715082113777840555;flokitoto1;https://twitter.com/flokitoto1/status/1715082113777840555
Thu Oct 19 19:05:11 +0000 2023;1715081679830954449;"Mau ngusut judi slot fraud manipulasi data ehh malah dihalangi banteng. Itu sebabnya pakdhe @jokowi ku minta lawan megachan kusno pki pdip. Franchise judi slot fraud pinjol mafia itu sarangnya di pdip. Kali ini demi rakyat presiden melawan. Rakyat pilih figur bkn krna kader pdip https://t.co/f6Tdj04MSB";0;0;0;0;in;720593195562733570;1715081679830954449;anjares90;https://twitter.com/anjares90/status/1715081679830954449
Thu Oct 19 18:57:13 +0000 2023;1715079674785869930;"üåü RESULT WATFORDüåü HARI: JUMAT, 20 OKTOBER 2023 RESULT : 8565 SHIO : Babi SELAMAT KEPADA PEMENANG, SALAM JP FLOKITOTO https://t.co/R1olHxVNzA";0;0;0;0;in;1492762132186034180;1715079674785869930;flokitoto1;https://twitter.com/flokitoto1/status/1715079674785869930
Thu Oct 19 18:51:55 +0000 2023;1715078340418367892;"üåü RESULT CHINA NIGHTüåü HARI: JUMAT, 20 OKTOBER 2023 RESULT : 7162 SHIO : Harimau SELAMAT KEPADA PEMENANG, SALAM JP FLOKITOTO https://t.co/Ao6b564fzP";0;0;0;0;in;1492762132186034180;1715078340418367892;flokitoto1;https://twitter.com/flokitoto1/status/1715078340418367892
Thu Oct 19 18:23:49 +0000 2023;1715071269308092797;"kita harus hormati presiden 2 periode yang dipilih rakyat. selama ini banteng pki pdip kemaruk. bisnis scam judi slot dan suka fraud pakai data org ini sudah tdk bsa di biarkan. pakdhe @jokowi figur dipilih rakyat non kader banteng. anak cucu majapahit bersaudara vs pki pdip https://t.co/uqFoRaapPZ";0;0;0;0;in;720593195562733570;1715071269308092797;anjares90;https://twitter.com/anjares90/status/1715071269308092797
